{"data":[{"Properties":{"domain":"WHEEL.CO","name":"ADMINISTRATOR@WHEEL.CO","distinguishedname":"CN=ADMINISTRATOR,CN=USERS,DC=WHEEL,DC=CO","domainsid":"S-1-5-21-2822179581-904449782-3383647530","highvalue":false,"samaccountname":"Administrator","description":"Built-in account for administering the computer/domain","whencreated":1691373372,"sensitive":false,"dontreqpreauth":false,"passwordnotreqd":false,"unconstraineddelegation":false,"pwdneverexpires":true,"enabled":true,"trustedtoauth":false,"lastlogon":1691820690,"lastlogontimestamp":1691373565,"pwdlastset":1691374340,"serviceprincipalnames":[],"hasspn":false,"displayname":null,"email":null,"title":null,"homedirectory":null,"userpassword":null,"unixpassword":null,"unicodepassword":null,"sfupassword":null,"logonscript":null,"admincount":true,"sidhistory":[]},"AllowedToDelegate":[],"PrimaryGroupSID":"S-1-5-21-2822179581-904449782-3383647530-513","HasSIDHistory":[],"SPNTargets":[],"Aces":[{"PrincipalSID":"S-1-5-21-2822179581-904449782-3383647530-512","PrincipalType":"Group","RightName":"Owns","IsInherited":false},{"PrincipalSID":"WHEEL.CO-S-1-5-32-544","PrincipalType":"Group","RightName":"WriteDacl","IsInherited":false},{"PrincipalSID":"WHEEL.CO-S-1-5-32-544","PrincipalType":"Group","RightName":"WriteOwner","IsInherited":false},{"PrincipalSID":"WHEEL.CO-S-1-5-32-544","PrincipalType":"Group","RightName":"AllExtendedRights","IsInherited":false},{"PrincipalSID":"WHEEL.CO-S-1-5-32-544","PrincipalType":"Group","RightName":"GenericWrite","IsInherited":false},{"PrincipalSID":"S-1-5-21-2822179581-904449782-3383647530-512","PrincipalType":"Group","RightName":"WriteDacl","IsInherited":false},{"PrincipalSID":"S-1-5-21-2822179581-904449782-3383647530-512","PrincipalType":"Group","RightName":"WriteOwner","IsInherited":false},{"PrincipalSID":"S-1-5-21-2822179581-904449782-3383647530-512","PrincipalType":"Group","RightName":"AllExtendedRights","IsInherited":false},{"PrincipalSID":"S-1-5-21-2822179581-904449782-3383647530-512","PrincipalType":"Group","RightName":"GenericWrite","IsInherited":false},{"PrincipalSID":"S-1-5-21-2822179581-904449782-3383647530-519","PrincipalType":"Group","RightName":"WriteDacl","IsInherited":false},{"PrincipalSID":"S-1-5-21-2822179581-904449782-3383647530-519","PrincipalType":"Group","RightName":"WriteOwner","IsInherited":false},{"PrincipalSID":"S-1-5-21-2822179581-904449782-3383647530-519","PrincipalType":"Group","RightName":"AllExtendedRights","IsInherited":false},{"PrincipalSID":"S-1-5-21-2822179581-904449782-3383647530-519","PrincipalType":"Group","RightName":"GenericWrite","IsInherited":false}],"ObjectIdentifier":"S-1-5-21-2822179581-904449782-3383647530-500","IsDeleted":false,"IsACLProtected":true},{"Properties":{"domain":"WHEEL.CO","name":"KRBTGT@WHEEL.CO","distinguishedname":"CN=KRBTGT,CN=USERS,DC=WHEEL,DC=CO","domainsid":"S-1-5-21-2822179581-904449782-3383647530","highvalue":false,"samaccountname":"krbtgt","description":"Key Distribution Center Service Account","whencreated":1691373524,"sensitive":false,"dontreqpreauth":false,"passwordnotreqd":false,"unconstraineddelegation":false,"pwdneverexpires":false,"enabled":false,"trustedtoauth":false,"lastlogon":0,"lastlogontimestamp":-1,"pwdlastset":1691373524,"serviceprincipalnames":["kadmin/changepw"],"hasspn":true,"displayname":null,"email":null,"title":null,"homedirectory":null,"userpassword":null,"unixpassword":null,"unicodepassword":null,"sfupassword":null,"logonscript":null,"admincount":true,"sidhistory":[]},"AllowedToDelegate":[],"PrimaryGroupSID":"S-1-5-21-2822179581-904449782-3383647530-513","HasSIDHistory":[],"SPNTargets":[],"Aces":[{"PrincipalSID":"S-1-5-21-2822179581-904449782-3383647530-512","PrincipalType":"Group","RightName":"Owns","IsInherited":false},{"PrincipalSID":"WHEEL.CO-S-1-5-32-544","PrincipalType":"Group","RightName":"WriteDacl","IsInherited":false},{"PrincipalSID":"WHEEL.CO-S-1-5-32-544","PrincipalType":"Group","RightName":"WriteOwner","IsInherited":false},{"PrincipalSID":"WHEEL.CO-S-1-5-32-544","PrincipalType":"Group","RightName":"AllExtendedRights","IsInherited":false},{"PrincipalSID":"WHEEL.CO-S-1-5-32-544","PrincipalType":"Group","RightName":"GenericWrite","IsInherited":false},{"PrincipalSID":"S-1-5-21-2822179581-904449782-3383647530-512","PrincipalType":"Group","RightName":"WriteDacl","IsInherited":false},{"PrincipalSID":"S-1-5-21-2822179581-904449782-3383647530-512","PrincipalType":"Group","RightName":"WriteOwner","IsInherited":false},{"PrincipalSID":"S-1-5-21-2822179581-904449782-3383647530-512","PrincipalType":"Group","RightName":"AllExtendedRights","IsInherited":false},{"PrincipalSID":"S-1-5-21-2822179581-904449782-3383647530-512","PrincipalType":"Group","RightName":"GenericWrite","IsInherited":false},{"PrincipalSID":"S-1-5-21-2822179581-904449782-3383647530-519","PrincipalType":"Group","RightName":"WriteDacl","IsInherited":false},{"PrincipalSID":"S-1-5-21-2822179581-904449782-3383647530-519","PrincipalType":"Group","RightName":"WriteOwner","IsInherited":false},{"PrincipalSID":"S-1-5-21-2822179581-904449782-3383647530-519","PrincipalType":"Group","RightName":"AllExtendedRights","IsInherited":false},{"PrincipalSID":"S-1-5-21-2822179581-904449782-3383647530-519","PrincipalType":"Group","RightName":"GenericWrite","IsInherited":false}],"ObjectIdentifier":"S-1-5-21-2822179581-904449782-3383647530-502","IsDeleted":false,"IsACLProtected":true},{"Properties":{"domain":"WHEEL.CO","name":"PSADMIN@WHEEL.CO","distinguishedname":"CN=PSADMIN,CN=USERS,DC=WHEEL,DC=CO","domainsid":"S-1-5-21-2822179581-904449782-3383647530","highvalue":false,"samaccountname":"psadmin","description":null,"whencreated":1691374120,"sensitive":false,"dontreqpreauth":false,"passwordnotreqd":false,"unconstraineddelegation":false,"pwdneverexpires":false,"enabled":true,"trustedtoauth":false,"lastlogon":0,"lastlogontimestamp":-1,"pwdlastset":1691374120,"serviceprincipalnames":[],"hasspn":false,"displayname":null,"email":null,"title":null,"homedirectory":null,"userpassword":null,"unixpassword":null,"unicodepassword":null,"sfupassword":null,"logonscript":null,"admincount":false,"sidhistory":[]},"AllowedToDelegate":[],"PrimaryGroupSID":"S-1-5-21-2822179581-904449782-3383647530-513","HasSIDHistory":[],"SPNTargets":[],"Aces":[{"PrincipalSID":"S-1-5-21-2822179581-904449782-3383647530-512","PrincipalType":"Group","RightName":"Owns","IsInherited":false},{"PrincipalSID":"WHEEL.CO-S-1-5-32-548","PrincipalType":"Group","RightName":"GenericAll","IsInherited":false},{"PrincipalSID":"S-1-5-21-2822179581-904449782-3383647530-512","PrincipalType":"Group","RightName":"GenericAll","IsInherited":false},{"PrincipalSID":"S-1-5-21-2822179581-904449782-3383647530-526","PrincipalType":"Group","RightName":"AddKeyCredentialLink","IsInherited":true},{"PrincipalSID":"S-1-5-21-2822179581-904449782-3383647530-527","PrincipalType":"Group","RightName":"AddKeyCredentialLink","IsInherited":true},{"PrincipalSID":"S-1-5-21-2822179581-904449782-3383647530-519","PrincipalType":"Group","RightName":"GenericAll","IsInherited":true},{"PrincipalSID":"WHEEL.CO-S-1-5-32-544","PrincipalType":"Group","RightName":"WriteDacl","IsInherited":true},{"PrincipalSID":"WHEEL.CO-S-1-5-32-544","PrincipalType":"Group","RightName":"WriteOwner","IsInherited":true},{"PrincipalSID":"WHEEL.CO-S-1-5-32-544","PrincipalType":"Group","RightName":"AllExtendedRights","IsInherited":true},{"PrincipalSID":"WHEEL.CO-S-1-5-32-544","PrincipalType":"Group","RightName":"GenericWrite","IsInherited":true}],"ObjectIdentifier":"S-1-5-21-2822179581-904449782-3383647530-1103","IsDeleted":false,"IsACLProtected":false},{"Properties":{"domain":"WHEEL.CO","name":"RALTHOR@WHEEL.CO","distinguishedname":"CN=RALTHOR,CN=USERS,DC=WHEEL,DC=CO","domainsid":"S-1-5-21-2822179581-904449782-3383647530","highvalue":false,"samaccountname":"ralthor","description":null,"whencreated":1691374121,"sensitive":false,"dontreqpreauth":false,"passwordnotreqd":false,"unconstraineddelegation":false,"pwdneverexpires":false,"enabled":true,"trustedtoauth":false,"lastlogon":0,"lastlogontimestamp":-1,"pwdlastset":1691374121,"serviceprincipalnames":[],"hasspn":false,"displayname":null,"email":null,"title":null,"homedirectory":null,"userpassword":null,"unixpassword":null,"unicodepassword":null,"sfupassword":null,"logonscript":null,"admincount":true,"sidhistory":[]},"AllowedToDelegate":[],"PrimaryGroupSID":"S-1-5-21-2822179581-904449782-3383647530-513","HasSIDHistory":[],"SPNTargets":[],"Aces":[{"PrincipalSID":"S-1-5-21-2822179581-904449782-3383647530-512","PrincipalType":"Group","RightName":"Owns","IsInherited":false},{"PrincipalSID":"WHEEL.CO-S-1-5-32-544","PrincipalType":"Group","RightName":"WriteDacl","IsInherited":false},{"PrincipalSID":"WHEEL.CO-S-1-5-32-544","PrincipalType":"Group","RightName":"WriteOwner","IsInherited":false},{"PrincipalSID":"WHEEL.CO-S-1-5-32-544","PrincipalType":"Group","RightName":"AllExtendedRights","IsInherited":false},{"PrincipalSID":"WHEEL.CO-S-1-5-32-544","PrincipalType":"Group","RightName":"GenericWrite","IsInherited":false},{"PrincipalSID":"S-1-5-21-2822179581-904449782-3383647530-512","PrincipalType":"Group","RightName":"WriteDacl","IsInherited":false},{"PrincipalSID":"S-1-5-21-2822179581-904449782-3383647530-512","PrincipalType":"Group","RightName":"WriteOwner","IsInherited":false},{"PrincipalSID":"S-1-5-21-2822179581-904449782-3383647530-512","PrincipalType":"Group","RightName":"AllExtendedRights","IsInherited":false},{"PrincipalSID":"S-1-5-21-2822179581-904449782-3383647530-512","PrincipalType":"Group","RightName":"GenericWrite","IsInherited":false},{"PrincipalSID":"S-1-5-21-2822179581-904449782-3383647530-519","PrincipalType":"Group","RightName":"WriteDacl","IsInherited":false},{"PrincipalSID":"S-1-5-21-2822179581-904449782-3383647530-519","PrincipalType":"Group","RightName":"WriteOwner","IsInherited":false},{"PrincipalSID":"S-1-5-21-2822179581-904449782-3383647530-519","PrincipalType":"Group","RightName":"AllExtendedRights","IsInherited":false},{"PrincipalSID":"S-1-5-21-2822179581-904449782-3383647530-519","PrincipalType":"Group","RightName":"GenericWrite","IsInherited":false}],"ObjectIdentifier":"S-1-5-21-2822179581-904449782-3383647530-1107","IsDeleted":false,"IsACLProtected":true},{"Properties":{"domain":"WHEEL.CO","name":"GUEST@WHEEL.CO","distinguishedname":"CN=GUEST,CN=USERS,DC=WHEEL,DC=CO","domainsid":"S-1-5-21-2822179581-904449782-3383647530","highvalue":false,"samaccountname":"Guest","description":"Built-in account for guest access to the computer/domain","whencreated":1691373372,"sensitive":false,"dontreqpreauth":false,"passwordnotreqd":true,"unconstraineddelegation":false,"pwdneverexpires":true,"enabled":false,"trustedtoauth":false,"lastlogon":0,"lastlogontimestamp":-1,"pwdlastset":0,"serviceprincipalnames":[],"hasspn":false,"displayname":null,"email":null,"title":null,"homedirectory":null,"userpassword":null,"unixpassword":null,"unicodepassword":null,"sfupassword":null,"logonscript":null,"admincount":false,"sidhistory":[]},"AllowedToDelegate":[],"PrimaryGroupSID":"S-1-5-21-2822179581-904449782-3383647530-514","HasSIDHistory":[],"SPNTargets":[],"Aces":[{"PrincipalSID":"WHEEL.CO-S-1-5-32-544","PrincipalType":"Group","RightName":"Owns","IsInherited":false},{"PrincipalSID":"WHEEL.CO-S-1-5-32-548","PrincipalType":"Group","RightName":"GenericAll","IsInherited":false},{"PrincipalSID":"S-1-5-21-2822179581-904449782-3383647530-512","PrincipalType":"Group","RightName":"GenericAll","IsInherited":false},{"PrincipalSID":"S-1-5-21-2822179581-904449782-3383647530-526","PrincipalType":"Group","RightName":"AddKeyCredentialLink","IsInherited":true},{"PrincipalSID":"S-1-5-21-2822179581-904449782-3383647530-527","PrincipalType":"Group","RightName":"AddKeyCredentialLink","IsInherited":true},{"PrincipalSID":"S-1-5-21-2822179581-904449782-3383647530-519","PrincipalType":"Group","RightName":"GenericAll","IsInherited":true},{"PrincipalSID":"WHEEL.CO-S-1-5-32-544","PrincipalType":"Group","RightName":"WriteDacl","IsInherited":true},{"PrincipalSID":"WHEEL.CO-S-1-5-32-544","PrincipalType":"Group","RightName":"WriteOwner","IsInherited":true},{"PrincipalSID":"WHEEL.CO-S-1-5-32-544","PrincipalType":"Group","RightName":"AllExtendedRights","IsInherited":true},{"PrincipalSID":"WHEEL.CO-S-1-5-32-544","PrincipalType":"Group","RightName":"GenericWrite","IsInherited":true}],"ObjectIdentifier":"S-1-5-21-2822179581-904449782-3383647530-501","IsDeleted":false,"IsACLProtected":false},{"Properties":{"domain":"WHEEL.CO","name":"PSLEARNER@WHEEL.CO","distinguishedname":"CN=PSLEARNER,CN=USERS,DC=WHEEL,DC=CO","domainsid":"S-1-5-21-2822179581-904449782-3383647530","highvalue":false,"samaccountname":"pslearner","description":null,"whencreated":1691374337,"sensitive":false,"dontreqpreauth":false,"passwordnotreqd":false,"unconstraineddelegation":false,"pwdneverexpires":true,"enabled":true,"trustedtoauth":false,"lastlogon":1691815968,"lastlogontimestamp":1691815622,"pwdlastset":1691374337,"serviceprincipalnames":[],"hasspn":false,"displayname":null,"email":null,"title":null,"homedirectory":null,"userpassword":null,"unixpassword":null,"unicodepassword":null,"sfupassword":null,"logonscript":null,"admincount":true,"sidhistory":[]},"AllowedToDelegate":[],"PrimaryGroupSID":"S-1-5-21-2822179581-904449782-3383647530-513","HasSIDHistory":[],"SPNTargets":[],"Aces":[{"PrincipalSID":"S-1-5-21-2822179581-904449782-3383647530-512","PrincipalType":"Group","RightName":"Owns","IsInherited":false},{"PrincipalSID":"WHEEL.CO-S-1-5-32-544","PrincipalType":"Group","RightName":"WriteDacl","IsInherited":false},{"PrincipalSID":"WHEEL.CO-S-1-5-32-544","PrincipalType":"Group","RightName":"WriteOwner","IsInherited":false},{"PrincipalSID":"WHEEL.CO-S-1-5-32-544","PrincipalType":"Group","RightName":"AllExtendedRights","IsInherited":false},{"PrincipalSID":"WHEEL.CO-S-1-5-32-544","PrincipalType":"Group","RightName":"GenericWrite","IsInherited":false},{"PrincipalSID":"S-1-5-21-2822179581-904449782-3383647530-512","PrincipalType":"Group","RightName":"WriteDacl","IsInherited":false},{"PrincipalSID":"S-1-5-21-2822179581-904449782-3383647530-512","PrincipalType":"Group","RightName":"WriteOwner","IsInherited":false},{"PrincipalSID":"S-1-5-21-2822179581-904449782-3383647530-512","PrincipalType":"Group","RightName":"AllExtendedRights","IsInherited":false},{"PrincipalSID":"S-1-5-21-2822179581-904449782-3383647530-512","PrincipalType":"Group","RightName":"GenericWrite","IsInherited":false},{"PrincipalSID":"S-1-5-21-2822179581-904449782-3383647530-519","PrincipalType":"Group","RightName":"WriteDacl","IsInherited":false},{"PrincipalSID":"S-1-5-21-2822179581-904449782-3383647530-519","PrincipalType":"Group","RightName":"WriteOwner","IsInherited":false},{"PrincipalSID":"S-1-5-21-2822179581-904449782-3383647530-519","PrincipalType":"Group","RightName":"AllExtendedRights","IsInherited":false},{"PrincipalSID":"S-1-5-21-2822179581-904449782-3383647530-519","PrincipalType":"Group","RightName":"GenericWrite","IsInherited":false}],"ObjectIdentifier":"S-1-5-21-2822179581-904449782-3383647530-1108","IsDeleted":false,"IsACLProtected":true},{"Properties":{"domain":"WHEEL.CO","name":"SVC-FILE@WHEEL.CO","distinguishedname":"CN=SVC-FILE,CN=USERS,DC=WHEEL,DC=CO","domainsid":"S-1-5-21-2822179581-904449782-3383647530","highvalue":false,"samaccountname":"svc-file","description":null,"whencreated":1691374121,"sensitive":false,"dontreqpreauth":false,"passwordnotreqd":false,"unconstraineddelegation":false,"pwdneverexpires":false,"enabled":true,"trustedtoauth":false,"lastlogon":0,"lastlogontimestamp":-1,"pwdlastset":1691374121,"serviceprincipalnames":["HOST/shadarlogoth.wheel.co"],"hasspn":true,"displayname":null,"email":null,"title":null,"homedirectory":null,"userpassword":null,"unixpassword":null,"unicodepassword":null,"sfupassword":null,"logonscript":null,"admincount":true,"sidhistory":[]},"AllowedToDelegate":[],"PrimaryGroupSID":"S-1-5-21-2822179581-904449782-3383647530-513","HasSIDHistory":[],"SPNTargets":[],"Aces":[{"PrincipalSID":"S-1-5-21-2822179581-904449782-3383647530-512","PrincipalType":"Group","RightName":"Owns","IsInherited":false},{"PrincipalSID":"WHEEL.CO-S-1-5-32-544","PrincipalType":"Group","RightName":"WriteDacl","IsInherited":false},{"PrincipalSID":"WHEEL.CO-S-1-5-32-544","PrincipalType":"Group","RightName":"WriteOwner","IsInherited":false},{"PrincipalSID":"WHEEL.CO-S-1-5-32-544","PrincipalType":"Group","RightName":"AllExtendedRights","IsInherited":false},{"PrincipalSID":"WHEEL.CO-S-1-5-32-544","PrincipalType":"Group","RightName":"GenericWrite","IsInherited":false},{"PrincipalSID":"S-1-5-21-2822179581-904449782-3383647530-512","PrincipalType":"Group","RightName":"WriteDacl","IsInherited":false},{"PrincipalSID":"S-1-5-21-2822179581-904449782-3383647530-512","PrincipalType":"Group","RightName":"WriteOwner","IsInherited":false},{"PrincipalSID":"S-1-5-21-2822179581-904449782-3383647530-512","PrincipalType":"Group","RightName":"AllExtendedRights","IsInherited":false},{"PrincipalSID":"S-1-5-21-2822179581-904449782-3383647530-512","PrincipalType":"Group","RightName":"GenericWrite","IsInherited":false},{"PrincipalSID":"S-1-5-21-2822179581-904449782-3383647530-519","PrincipalType":"Group","RightName":"WriteDacl","IsInherited":false},{"PrincipalSID":"S-1-5-21-2822179581-904449782-3383647530-519","PrincipalType":"Group","RightName":"WriteOwner","IsInherited":false},{"PrincipalSID":"S-1-5-21-2822179581-904449782-3383647530-519","PrincipalType":"Group","RightName":"AllExtendedRights","IsInherited":false},{"PrincipalSID":"S-1-5-21-2822179581-904449782-3383647530-519","PrincipalType":"Group","RightName":"GenericWrite","IsInherited":false}],"ObjectIdentifier":"S-1-5-21-2822179581-904449782-3383647530-1106","IsDeleted":false,"IsACLProtected":true},{"Properties":{"domain":"WHEEL.CO","name":"FELIXB@WHEEL.CO","distinguishedname":"CN=FELIXB,CN=USERS,DC=WHEEL,DC=CO","domainsid":"S-1-5-21-2822179581-904449782-3383647530","highvalue":false,"samaccountname":"felixb","description":null,"whencreated":1691374121,"sensitive":false,"dontreqpreauth":false,"passwordnotreqd":false,"unconstraineddelegation":false,"pwdneverexpires":false,"enabled":true,"trustedtoauth":false,"lastlogon":0,"lastlogontimestamp":-1,"pwdlastset":1691374121,"serviceprincipalnames":[],"hasspn":false,"displayname":null,"email":null,"title":null,"homedirectory":null,"userpassword":null,"unixpassword":null,"unicodepassword":null,"sfupassword":null,"logonscript":null,"admincount":false,"sidhistory":[]},"AllowedToDelegate":[],"PrimaryGroupSID":"S-1-5-21-2822179581-904449782-3383647530-513","HasSIDHistory":[],"SPNTargets":[],"Aces":[{"PrincipalSID":"S-1-5-21-2822179581-904449782-3383647530-512","PrincipalType":"Group","RightName":"Owns","IsInherited":false},{"PrincipalSID":"WHEEL.CO-S-1-5-32-548","PrincipalType":"Group","RightName":"GenericAll","IsInherited":false},{"PrincipalSID":"S-1-5-21-2822179581-904449782-3383647530-512","PrincipalType":"Group","RightName":"GenericAll","IsInherited":false},{"PrincipalSID":"S-1-5-21-2822179581-904449782-3383647530-526","PrincipalType":"Group","RightName":"AddKeyCredentialLink","IsInherited":true},{"PrincipalSID":"S-1-5-21-2822179581-904449782-3383647530-527","PrincipalType":"Group","RightName":"AddKeyCredentialLink","IsInherited":true},{"PrincipalSID":"S-1-5-21-2822179581-904449782-3383647530-519","PrincipalType":"Group","RightName":"GenericAll","IsInherited":true},{"PrincipalSID":"WHEEL.CO-S-1-5-32-544","PrincipalType":"Group","RightName":"WriteDacl","IsInherited":true},{"PrincipalSID":"WHEEL.CO-S-1-5-32-544","PrincipalType":"Group","RightName":"WriteOwner","IsInherited":true},{"PrincipalSID":"WHEEL.CO-S-1-5-32-544","PrincipalType":"Group","RightName":"AllExtendedRights","IsInherited":true},{"PrincipalSID":"WHEEL.CO-S-1-5-32-544","PrincipalType":"Group","RightName":"GenericWrite","IsInherited":true}],"ObjectIdentifier":"S-1-5-21-2822179581-904449782-3383647530-1104","IsDeleted":false,"IsACLProtected":false},{"Properties":{"domain":"WHEEL.CO","name":"MCAUTHON@WHEEL.CO","distinguishedname":"CN=MCAUTHON,CN=USERS,DC=WHEEL,DC=CO","domainsid":"S-1-5-21-2822179581-904449782-3383647530","highvalue":false,"samaccountname":"mcauthon","description":null,"whencreated":1691374121,"sensitive":false,"dontreqpreauth":false,"passwordnotreqd":false,"unconstraineddelegation":false,"pwdneverexpires":false,"enabled":true,"trustedtoauth":false,"lastlogon":0,"lastlogontimestamp":-1,"pwdlastset":1691374121,"serviceprincipalnames":[],"hasspn":false,"displayname":null,"email":null,"title":null,"homedirectory":null,"userpassword":null,"unixpassword":null,"unicodepassword":null,"sfupassword":null,"logonscript":null,"admincount":true,"sidhistory":[]},"AllowedToDelegate":[],"PrimaryGroupSID":"S-1-5-21-2822179581-904449782-3383647530-513","HasSIDHistory":[],"SPNTargets":[],"Aces":[{"PrincipalSID":"S-1-5-21-2822179581-904449782-3383647530-512","PrincipalType":"Group","RightName":"Owns","IsInherited":false},{"PrincipalSID":"WHEEL.CO-S-1-5-32-544","PrincipalType":"Group","RightName":"WriteDacl","IsInherited":false},{"PrincipalSID":"WHEEL.CO-S-1-5-32-544","PrincipalType":"Group","RightName":"WriteOwner","IsInherited":false},{"PrincipalSID":"WHEEL.CO-S-1-5-32-544","PrincipalType":"Group","RightName":"AllExtendedRights","IsInherited":false},{"PrincipalSID":"WHEEL.CO-S-1-5-32-544","PrincipalType":"Group","RightName":"GenericWrite","IsInherited":false},{"PrincipalSID":"S-1-5-21-2822179581-904449782-3383647530-512","PrincipalType":"Group","RightName":"WriteDacl","IsInherited":false},{"PrincipalSID":"S-1-5-21-2822179581-904449782-3383647530-512","PrincipalType":"Group","RightName":"WriteOwner","IsInherited":false},{"PrincipalSID":"S-1-5-21-2822179581-904449782-3383647530-512","PrincipalType":"Group","RightName":"AllExtendedRights","IsInherited":false},{"PrincipalSID":"S-1-5-21-2822179581-904449782-3383647530-512","PrincipalType":"Group","RightName":"GenericWrite","IsInherited":false},{"PrincipalSID":"S-1-5-21-2822179581-904449782-3383647530-519","PrincipalType":"Group","RightName":"WriteDacl","IsInherited":false},{"PrincipalSID":"S-1-5-21-2822179581-904449782-3383647530-519","PrincipalType":"Group","RightName":"WriteOwner","IsInherited":false},{"PrincipalSID":"S-1-5-21-2822179581-904449782-3383647530-519","PrincipalType":"Group","RightName":"AllExtendedRights","IsInherited":false},{"PrincipalSID":"S-1-5-21-2822179581-904449782-3383647530-519","PrincipalType":"Group","RightName":"GenericWrite","IsInherited":false}],"ObjectIdentifier":"S-1-5-21-2822179581-904449782-3383647530-1105","IsDeleted":false,"IsACLProtected":true},{"Properties":{"name":"NT AUTHORITY@WHEEL.CO","domainsid":"S-1-5-21-2822179581-904449782-3383647530","domain":"WHEEL.CO"},"AllowedToDelegate":[],"PrimaryGroupSID":null,"HasSIDHistory":[],"SPNTargets":[],"Aces":[],"ObjectIdentifier":"WHEEL.CO-S-1-5-20","IsDeleted":false,"IsACLProtected":false}],"meta":{"methods":29675,"type":"users","count":10,"version":5}}