{"data":[{"GPOChanges":{"LocalAdmins":[],"RemoteDesktopUsers":[],"DcomUsers":[],"PSRemoteUsers":[],"AffectedComputers":[]},"Properties":{"domain":"WHEEL.CO","name":"DOMAIN CONTROLLERS@WHEEL.CO","distinguishedname":"OU=DOMAIN CONTROLLERS,DC=WHEEL,DC=CO","domainsid":"S-1-5-21-2822179581-904449782-3383647530","highvalue":false,"description":"Default container for domain controllers","whencreated":1691373372,"blocksinheritance":false},"Links":[{"IsEnforced":false,"GUID":"26B2BA01-FAA8-484F-897D-B534628913C2"}],"ChildObjects":[{"ObjectIdentifier":"S-1-5-21-2822179581-904449782-3383647530-1000","ObjectType":"Computer"}],"Aces":[{"PrincipalSID":"S-1-5-21-2822179581-904449782-3383647530-512","PrincipalType":"Group","RightName":"Owns","IsInherited":false},{"PrincipalSID":"S-1-5-21-2822179581-904449782-3383647530-512","PrincipalType":"Group","RightName":"WriteDacl","IsInherited":false},{"PrincipalSID":"S-1-5-21-2822179581-904449782-3383647530-512","PrincipalType":"Group","RightName":"WriteOwner","IsInherited":false},{"PrincipalSID":"S-1-5-21-2822179581-904449782-3383647530-519","PrincipalType":"Group","RightName":"GenericAll","IsInherited":true},{"PrincipalSID":"WHEEL.CO-S-1-5-32-544","PrincipalType":"Group","RightName":"WriteDacl","IsInherited":true},{"PrincipalSID":"WHEEL.CO-S-1-5-32-544","PrincipalType":"Group","RightName":"WriteOwner","IsInherited":true}],"ObjectIdentifier":"B8618889-A332-4343-80D3-6729C8E72C64","IsDeleted":false,"IsACLProtected":false}],"meta":{"methods":29675,"type":"ous","count":1,"version":5}}