{"data":[{"Properties":{"domain":"WHEEL.CO","name":"DEFAULT DOMAIN POLICY@WHEEL.CO","distinguishedname":"CN={31B2F340-016D-11D2-945F-00C04FB984F9},CN=POLICIES,CN=SYSTEM,DC=WHEEL,DC=CO","domainsid":"S-1-5-21-2822179581-904449782-3383647530","highvalue":false,"description":null,"whencreated":1691373371,"gpcpath":"\\\\WHEEL.CO\\SYSVOL\\WHEEL.CO\\POLICIES\\{31B2F340-016D-11D2-945F-00C04FB984F9}"},"Aces":[{"PrincipalSID":"S-1-5-21-2822179581-904449782-3383647530-512","PrincipalType":"Group","RightName":"Owns","IsInherited":false},{"PrincipalSID":"S-1-5-21-2822179581-904449782-3383647530-512","PrincipalType":"Group","RightName":"WriteDacl","IsInherited":false},{"PrincipalSID":"S-1-5-21-2822179581-904449782-3383647530-512","PrincipalType":"Group","RightName":"WriteOwner","IsInherited":false},{"PrincipalSID":"S-1-5-21-2822179581-904449782-3383647530-512","PrincipalType":"Group","RightName":"GenericWrite","IsInherited":false},{"PrincipalSID":"S-1-5-21-2822179581-904449782-3383647530-512","PrincipalType":"Group","RightName":"WriteDacl","IsInherited":false},{"PrincipalSID":"S-1-5-21-2822179581-904449782-3383647530-512","PrincipalType":"Group","RightName":"WriteOwner","IsInherited":false},{"PrincipalSID":"S-1-5-21-2822179581-904449782-3383647530-512","PrincipalType":"Group","RightName":"GenericWrite","IsInherited":false},{"PrincipalSID":"S-1-5-21-2822179581-904449782-3383647530-519","PrincipalType":"Group","RightName":"WriteDacl","IsInherited":false},{"PrincipalSID":"S-1-5-21-2822179581-904449782-3383647530-519","PrincipalType":"Group","RightName":"WriteOwner","IsInherited":false},{"PrincipalSID":"S-1-5-21-2822179581-904449782-3383647530-519","PrincipalType":"Group","RightName":"GenericWrite","IsInherited":false}],"ObjectIdentifier":"DBC23B5C-8C08-4F96-B98E-830C8AA8BBBF","IsDeleted":false,"IsACLProtected":true},{"Properties":{"domain":"WHEEL.CO","name":"DEFAULT DOMAIN CONTROLLERS POLICY@WHEEL.CO","distinguishedname":"CN={6AC1786C-016F-11D2-945F-00C04FB984F9},CN=POLICIES,CN=SYSTEM,DC=WHEEL,DC=CO","domainsid":"S-1-5-21-2822179581-904449782-3383647530","highvalue":false,"description":null,"whencreated":1691373371,"gpcpath":"\\\\WHEEL.CO\\SYSVOL\\WHEEL.CO\\POLICIES\\{6AC1786C-016F-11D2-945F-00C04FB984F9}"},"Aces":[{"PrincipalSID":"S-1-5-21-2822179581-904449782-3383647530-512","PrincipalType":"Group","RightName":"Owns","IsInherited":false},{"PrincipalSID":"S-1-5-21-2822179581-904449782-3383647530-512","PrincipalType":"Group","RightName":"WriteDacl","IsInherited":false},{"PrincipalSID":"S-1-5-21-2822179581-904449782-3383647530-512","PrincipalType":"Group","RightName":"WriteOwner","IsInherited":false},{"PrincipalSID":"S-1-5-21-2822179581-904449782-3383647530-512","PrincipalType":"Group","RightName":"GenericWrite","IsInherited":false},{"PrincipalSID":"S-1-5-21-2822179581-904449782-3383647530-512","PrincipalType":"Group","RightName":"WriteDacl","IsInherited":false},{"PrincipalSID":"S-1-5-21-2822179581-904449782-3383647530-512","PrincipalType":"Group","RightName":"WriteOwner","IsInherited":false},{"PrincipalSID":"S-1-5-21-2822179581-904449782-3383647530-512","PrincipalType":"Group","RightName":"GenericWrite","IsInherited":false},{"PrincipalSID":"S-1-5-21-2822179581-904449782-3383647530-519","PrincipalType":"Group","RightName":"WriteDacl","IsInherited":false},{"PrincipalSID":"S-1-5-21-2822179581-904449782-3383647530-519","PrincipalType":"Group","RightName":"WriteOwner","IsInherited":false},{"PrincipalSID":"S-1-5-21-2822179581-904449782-3383647530-519","PrincipalType":"Group","RightName":"GenericWrite","IsInherited":false}],"ObjectIdentifier":"26B2BA01-FAA8-484F-897D-B534628913C2","IsDeleted":false,"IsACLProtected":true}],"meta":{"methods":29675,"type":"gpos","count":2,"version":5}}