{"data":[{"Properties":{"domain":"WHEEL.CO","name":"DRAGONMOUNT.WHEEL.CO","distinguishedname":"CN=DRAGONMOUNT,CN=COMPUTERS,DC=WHEEL,DC=CO","domainsid":"S-1-5-21-2822179581-904449782-3383647530","highvalue":false,"samaccountname":"DRAGONMOUNT$","haslaps":false,"description":null,"whencreated":1691815623,"enabled":true,"unconstraineddelegation":false,"trustedtoauth":false,"lastlogon":1691820661,"lastlogontimestamp":1691815623,"pwdlastset":1691815623,"serviceprincipalnames":["TERMSRV/DRAGONMOUNT","TERMSRV/dragonmount.wheel.co","RestrictedKrbHost/DRAGONMOUNT","HOST/DRAGONMOUNT","RestrictedKrbHost/dragonmount.wheel.co","HOST/dragonmount.wheel.co"],"operatingsystem":"Windows Server 2022 Datacenter","sidhistory":[]},"PrimaryGroupSID":"S-1-5-21-2822179581-904449782-3383647530-515","AllowedToDelegate":[],"AllowedToAct":[],"HasSIDHistory":[],"DumpSMSAPassword":[],"Sessions":{"Results":[],"Collected":true,"FailureReason":null},"PrivilegedSessions":{"Results":[],"Collected":false,"FailureReason":null},"RegistrySessions":{"Results":[],"Collected":false,"FailureReason":null},"LocalAdmins":{"Results":[{"ObjectIdentifier":"S-1-5-21-2822179581-904449782-3383647530-512","ObjectType":"Group"}],"Collected":true,"FailureReason":null},"RemoteDesktopUsers":{"Results":[],"Collected":true,"FailureReason":null},"DcomUsers":{"Results":[],"Collected":true,"FailureReason":null},"PSRemoteUsers":{"Results":[],"Collected":true,"FailureReason":null},"Status":null,"Aces":[{"PrincipalSID":"S-1-5-21-2822179581-904449782-3383647530-1108","PrincipalType":"User","RightName":"Owns","IsInherited":false},{"PrincipalSID":"WHEEL.CO-S-1-5-32-548","PrincipalType":"Group","RightName":"GenericAll","IsInherited":false},{"PrincipalSID":"S-1-5-21-2822179581-904449782-3383647530-512","PrincipalType":"Group","RightName":"GenericAll","IsInherited":false},{"PrincipalSID":"S-1-5-21-2822179581-904449782-3383647530-1108","PrincipalType":"User","RightName":"WriteAccountRestrictions","IsInherited":false},{"PrincipalSID":"S-1-5-21-2822179581-904449782-3383647530-526","PrincipalType":"Group","RightName":"AddKeyCredentialLink","IsInherited":true},{"PrincipalSID":"S-1-5-21-2822179581-904449782-3383647530-527","PrincipalType":"Group","RightName":"AddKeyCredentialLink","IsInherited":true},{"PrincipalSID":"S-1-5-21-2822179581-904449782-3383647530-519","PrincipalType":"Group","RightName":"GenericAll","IsInherited":true},{"PrincipalSID":"WHEEL.CO-S-1-5-32-544","PrincipalType":"Group","RightName":"WriteDacl","IsInherited":true},{"PrincipalSID":"WHEEL.CO-S-1-5-32-544","PrincipalType":"Group","RightName":"WriteOwner","IsInherited":true},{"PrincipalSID":"WHEEL.CO-S-1-5-32-544","PrincipalType":"Group","RightName":"GenericWrite","IsInherited":true}],"ObjectIdentifier":"S-1-5-21-2822179581-904449782-3383647530-1601","IsDeleted":false,"IsACLProtected":false},{"Properties":{"domain":"WHEEL.CO","name":"TWORIVERS.WHEEL.CO","distinguishedname":"CN=TWORIVERS,CN=COMPUTERS,DC=WHEEL,DC=CO","domainsid":"S-1-5-21-2822179581-904449782-3383647530","highvalue":false,"samaccountname":"TWORIVERS$","haslaps":false,"description":null,"whencreated":1691815963,"enabled":true,"unconstraineddelegation":false,"trustedtoauth":false,"lastlogon":1691820732,"lastlogontimestamp":1691815963,"pwdlastset":1691815963,"serviceprincipalnames":["TERMSRV/TWORIVERS","TERMSRV/TWORIVERS.wheel.co","RestrictedKrbHost/TWORIVERS","HOST/TWORIVERS","RestrictedKrbHost/TWORIVERS.wheel.co","HOST/TWORIVERS.wheel.co"],"operatingsystem":"Windows Server 2022 Datacenter","sidhistory":[]},"PrimaryGroupSID":"S-1-5-21-2822179581-904449782-3383647530-515","AllowedToDelegate":[],"AllowedToAct":[],"HasSIDHistory":[],"DumpSMSAPassword":[],"Sessions":{"Results":[],"Collected":true,"FailureReason":null},"PrivilegedSessions":{"Results":[],"Collected":false,"FailureReason":null},"RegistrySessions":{"Results":[],"Collected":false,"FailureReason":null},"LocalAdmins":{"Results":[{"ObjectIdentifier":"S-1-5-21-2822179581-904449782-3383647530-512","ObjectType":"Group"}],"Collected":true,"FailureReason":null},"RemoteDesktopUsers":{"Results":[],"Collected":true,"FailureReason":null},"DcomUsers":{"Results":[],"Collected":true,"FailureReason":null},"PSRemoteUsers":{"Results":[],"Collected":true,"FailureReason":null},"Status":null,"Aces":[{"PrincipalSID":"S-1-5-21-2822179581-904449782-3383647530-1108","PrincipalType":"User","RightName":"Owns","IsInherited":false},{"PrincipalSID":"WHEEL.CO-S-1-5-32-548","PrincipalType":"Group","RightName":"GenericAll","IsInherited":false},{"PrincipalSID":"S-1-5-21-2822179581-904449782-3383647530-512","PrincipalType":"Group","RightName":"GenericAll","IsInherited":false},{"PrincipalSID":"S-1-5-21-2822179581-904449782-3383647530-1108","PrincipalType":"User","RightName":"WriteAccountRestrictions","IsInherited":false},{"PrincipalSID":"S-1-5-21-2822179581-904449782-3383647530-526","PrincipalType":"Group","RightName":"AddKeyCredentialLink","IsInherited":true},{"PrincipalSID":"S-1-5-21-2822179581-904449782-3383647530-527","PrincipalType":"Group","RightName":"AddKeyCredentialLink","IsInherited":true},{"PrincipalSID":"S-1-5-21-2822179581-904449782-3383647530-519","PrincipalType":"Group","RightName":"GenericAll","IsInherited":true},{"PrincipalSID":"WHEEL.CO-S-1-5-32-544","PrincipalType":"Group","RightName":"WriteDacl","IsInherited":true},{"PrincipalSID":"WHEEL.CO-S-1-5-32-544","PrincipalType":"Group","RightName":"WriteOwner","IsInherited":true},{"PrincipalSID":"WHEEL.CO-S-1-5-32-544","PrincipalType":"Group","RightName":"GenericWrite","IsInherited":true}],"ObjectIdentifier":"S-1-5-21-2822179581-904449782-3383647530-1602","IsDeleted":false,"IsACLProtected":false},{"Properties":{"domain":"WHEEL.CO","name":"TARVALON.WHEEL.CO","distinguishedname":"CN=TARVALON,OU=DOMAIN CONTROLLERS,DC=WHEEL,DC=CO","domainsid":"S-1-5-21-2822179581-904449782-3383647530","highvalue":false,"samaccountname":"TARVALON$","haslaps":false,"description":null,"whencreated":1691373524,"enabled":true,"unconstraineddelegation":true,"trustedtoauth":false,"lastlogon":1691815605,"lastlogontimestamp":1691373564,"pwdlastset":1691373553,"serviceprincipalnames":["Dfsr-12F9A27C-BF97-4787-9364-D31B6C55EB04/tarvalon.wheel.co","TERMSRV/TARVALON","TERMSRV/tarvalon.wheel.co","ldap/tarvalon.wheel.co/ForestDnsZones.wheel.co","ldap/tarvalon.wheel.co/DomainDnsZones.wheel.co","DNS/tarvalon.wheel.co","GC/tarvalon.wheel.co/wheel.co","RestrictedKrbHost/tarvalon.wheel.co","RestrictedKrbHost/TARVALON","RPC/727cbd89-e34d-4229-b46f-11079deb070b._msdcs.wheel.co","HOST/TARVALON/WHEEL","HOST/tarvalon.wheel.co/WHEEL","HOST/TARVALON","HOST/tarvalon.wheel.co","HOST/tarvalon.wheel.co/wheel.co","E3514235-4B06-11D1-AB04-00C04FC2DCD2/727cbd89-e34d-4229-b46f-11079deb070b/wheel.co","ldap/TARVALON/WHEEL","ldap/727cbd89-e34d-4229-b46f-11079deb070b._msdcs.wheel.co","ldap/tarvalon.wheel.co/WHEEL","ldap/TARVALON","ldap/tarvalon.wheel.co","ldap/tarvalon.wheel.co/wheel.co"],"operatingsystem":"Windows Server 2022 Datacenter","sidhistory":[]},"PrimaryGroupSID":"S-1-5-21-2822179581-904449782-3383647530-516","AllowedToDelegate":[],"AllowedToAct":[],"HasSIDHistory":[],"DumpSMSAPassword":[],"Sessions":{"Results":[],"Collected":true,"FailureReason":null},"PrivilegedSessions":{"Results":[],"Collected":false,"FailureReason":null},"RegistrySessions":{"Results":[],"Collected":false,"FailureReason":null},"LocalAdmins":{"Results":[{"ObjectIdentifier":"S-1-5-21-2822179581-904449782-3383647530-500","ObjectType":"User"},{"ObjectIdentifier":"S-1-5-21-2822179581-904449782-3383647530-519","ObjectType":"Group"},{"ObjectIdentifier":"S-1-5-21-2822179581-904449782-3383647530-512","ObjectType":"Group"},{"ObjectIdentifier":"S-1-5-21-2822179581-904449782-3383647530-1105","ObjectType":"User"},{"ObjectIdentifier":"S-1-5-21-2822179581-904449782-3383647530-1108","ObjectType":"User"}],"Collected":true,"FailureReason":null},"RemoteDesktopUsers":{"Results":[],"Collected":true,"FailureReason":null},"DcomUsers":{"Results":[],"Collected":true,"FailureReason":null},"PSRemoteUsers":{"Results":[],"Collected":true,"FailureReason":null},"Status":null,"Aces":[{"PrincipalSID":"S-1-5-21-2822179581-904449782-3383647530-512","PrincipalType":"Group","RightName":"Owns","IsInherited":false},{"PrincipalSID":"S-1-5-21-2822179581-904449782-3383647530-512","PrincipalType":"Group","RightName":"GenericAll","IsInherited":false},{"PrincipalSID":"S-1-5-21-2822179581-904449782-3383647530-526","PrincipalType":"Group","RightName":"AddKeyCredentialLink","IsInherited":true},{"PrincipalSID":"S-1-5-21-2822179581-904449782-3383647530-527","PrincipalType":"Group","RightName":"AddKeyCredentialLink","IsInherited":true},{"PrincipalSID":"S-1-5-21-2822179581-904449782-3383647530-519","PrincipalType":"Group","RightName":"GenericAll","IsInherited":true},{"PrincipalSID":"WHEEL.CO-S-1-5-32-544","PrincipalType":"Group","RightName":"WriteDacl","IsInherited":true},{"PrincipalSID":"WHEEL.CO-S-1-5-32-544","PrincipalType":"Group","RightName":"WriteOwner","IsInherited":true},{"PrincipalSID":"WHEEL.CO-S-1-5-32-544","PrincipalType":"Group","RightName":"GenericWrite","IsInherited":true}],"ObjectIdentifier":"S-1-5-21-2822179581-904449782-3383647530-1000","IsDeleted":false,"IsACLProtected":false}],"meta":{"methods":29675,"type":"computers","count":3,"version":5}}