{"data":[{"Properties":{"domain":"WHEEL.CO","name":"WMIGPO@WHEEL.CO","distinguishedname":"CN=WMIGPO,CN=WMIPOLICY,CN=SYSTEM,DC=WHEEL,DC=CO","domainsid":"S-1-5-21-2822179581-904449782-3383647530","highvalue":false},"ChildObjects":[],"Aces":[{"PrincipalSID":"S-1-5-21-2822179581-904449782-3383647530-512","PrincipalType":"Group","RightName":"Owns","IsInherited":false},{"PrincipalSID":"S-1-5-21-2822179581-904449782-3383647530-512","PrincipalType":"Group","RightName":"WriteDacl","IsInherited":false},{"PrincipalSID":"S-1-5-21-2822179581-904449782-3383647530-512","PrincipalType":"Group","RightName":"WriteOwner","IsInherited":false},{"PrincipalSID":"S-1-5-21-2822179581-904449782-3383647530-519","PrincipalType":"Group","RightName":"GenericAll","IsInherited":true},{"PrincipalSID":"S-1-5-21-2822179581-904449782-3383647530-512","PrincipalType":"Group","RightName":"GenericAll","IsInherited":true}],"ObjectIdentifier":"44B60777-7D0D-4083-8FD2-0AA1BF5625E6","IsDeleted":false,"IsACLProtected":false},{"Properties":{"domain":"WHEEL.CO","name":"SOM@WHEEL.CO","distinguishedname":"CN=SOM,CN=WMIPOLICY,CN=SYSTEM,DC=WHEEL,DC=CO","domainsid":"S-1-5-21-2822179581-904449782-3383647530","highvalue":false},"ChildObjects":[],"Aces":[{"PrincipalSID":"S-1-5-21-2822179581-904449782-3383647530-512","PrincipalType":"Group","RightName":"Owns","IsInherited":false},{"PrincipalSID":"S-1-5-21-2822179581-904449782-3383647530-512","PrincipalType":"Group","RightName":"GenericAll","IsInherited":false},{"PrincipalSID":"S-1-5-21-2822179581-904449782-3383647530-519","PrincipalType":"Group","RightName":"GenericAll","IsInherited":false}],"ObjectIdentifier":"4E326437-3B29-452F-AC05-D3838705C9C0","IsDeleted":false,"IsACLProtected":true},{"Properties":{"domain":"WHEEL.CO","name":"POLICYTYPE@WHEEL.CO","distinguishedname":"CN=POLICYTYPE,CN=WMIPOLICY,CN=SYSTEM,DC=WHEEL,DC=CO","domainsid":"S-1-5-21-2822179581-904449782-3383647530","highvalue":false},"ChildObjects":[],"Aces":[{"PrincipalSID":"S-1-5-21-2822179581-904449782-3383647530-512","PrincipalType":"Group","RightName":"Owns","IsInherited":false},{"PrincipalSID":"S-1-5-21-2822179581-904449782-3383647530-512","PrincipalType":"Group","RightName":"WriteDacl","IsInherited":false},{"PrincipalSID":"S-1-5-21-2822179581-904449782-3383647530-512","PrincipalType":"Group","RightName":"WriteOwner","IsInherited":false},{"PrincipalSID":"S-1-5-21-2822179581-904449782-3383647530-519","PrincipalType":"Group","RightName":"GenericAll","IsInherited":true},{"PrincipalSID":"S-1-5-21-2822179581-904449782-3383647530-512","PrincipalType":"Group","RightName":"GenericAll","IsInherited":true}],"ObjectIdentifier":"6041DB93-2C69-4F28-B172-3C1CA864E7C9","IsDeleted":false,"IsACLProtected":false},{"Properties":{"domain":"WHEEL.CO","name":"WMIPOLICY@WHEEL.CO","distinguishedname":"CN=WMIPOLICY,CN=SYSTEM,DC=WHEEL,DC=CO","domainsid":"S-1-5-21-2822179581-904449782-3383647530","highvalue":false},"ChildObjects":[],"Aces":[{"PrincipalSID":"S-1-5-21-2822179581-904449782-3383647530-512","PrincipalType":"Group","RightName":"Owns","IsInherited":false},{"PrincipalSID":"S-1-5-21-2822179581-904449782-3383647530-512","PrincipalType":"Group","RightName":"GenericAll","IsInherited":false},{"PrincipalSID":"S-1-5-21-2822179581-904449782-3383647530-519","PrincipalType":"Group","RightName":"GenericAll","IsInherited":false}],"ObjectIdentifier":"749239A8-A595-4F38-822E-122E902216C7","IsDeleted":false,"IsACLProtected":true},{"Properties":{"domain":"WHEEL.CO","name":"ADMINSDHOLDER@WHEEL.CO","distinguishedname":"CN=ADMINSDHOLDER,CN=SYSTEM,DC=WHEEL,DC=CO","domainsid":"S-1-5-21-2822179581-904449782-3383647530","highvalue":false},"ChildObjects":[],"Aces":[{"PrincipalSID":"S-1-5-21-2822179581-904449782-3383647530-512","PrincipalType":"Group","RightName":"Owns","IsInherited":false},{"PrincipalSID":"WHEEL.CO-S-1-5-32-544","PrincipalType":"Group","RightName":"WriteDacl","IsInherited":false},{"PrincipalSID":"WHEEL.CO-S-1-5-32-544","PrincipalType":"Group","RightName":"WriteOwner","IsInherited":false},{"PrincipalSID":"S-1-5-21-2822179581-904449782-3383647530-512","PrincipalType":"Group","RightName":"WriteDacl","IsInherited":false},{"PrincipalSID":"S-1-5-21-2822179581-904449782-3383647530-512","PrincipalType":"Group","RightName":"WriteOwner","IsInherited":false},{"PrincipalSID":"S-1-5-21-2822179581-904449782-3383647530-519","PrincipalType":"Group","RightName":"WriteDacl","IsInherited":false},{"PrincipalSID":"S-1-5-21-2822179581-904449782-3383647530-519","PrincipalType":"Group","RightName":"WriteOwner","IsInherited":false}],"ObjectIdentifier":"6EE9AF2C-0F47-46EA-B30E-025C5B78F332","IsDeleted":false,"IsACLProtected":true},{"Properties":{"domain":"WHEEL.CO","name":"POLICYTEMPLATE@WHEEL.CO","distinguishedname":"CN=POLICYTEMPLATE,CN=WMIPOLICY,CN=SYSTEM,DC=WHEEL,DC=CO","domainsid":"S-1-5-21-2822179581-904449782-3383647530","highvalue":false},"ChildObjects":[],"Aces":[{"PrincipalSID":"S-1-5-21-2822179581-904449782-3383647530-512","PrincipalType":"Group","RightName":"Owns","IsInherited":false},{"PrincipalSID":"S-1-5-21-2822179581-904449782-3383647530-512","PrincipalType":"Group","RightName":"WriteDacl","IsInherited":false},{"PrincipalSID":"S-1-5-21-2822179581-904449782-3383647530-512","PrincipalType":"Group","RightName":"WriteOwner","IsInherited":false},{"PrincipalSID":"S-1-5-21-2822179581-904449782-3383647530-519","PrincipalType":"Group","RightName":"GenericAll","IsInherited":true},{"PrincipalSID":"S-1-5-21-2822179581-904449782-3383647530-512","PrincipalType":"Group","RightName":"GenericAll","IsInherited":true}],"ObjectIdentifier":"ABF794FD-C63F-42E0-886B-0C061354FBC9","IsDeleted":false,"IsACLProtected":false},{"Properties":{"domain":"WHEEL.CO","name":"FOREIGNSECURITYPRINCIPALS@WHEEL.CO","distinguishedname":"CN=FOREIGNSECURITYPRINCIPALS,DC=WHEEL,DC=CO","domainsid":"S-1-5-21-2822179581-904449782-3383647530","highvalue":false},"ChildObjects":[],"Aces":[{"PrincipalSID":"S-1-5-21-2822179581-904449782-3383647530-512","PrincipalType":"Group","RightName":"Owns","IsInherited":false},{"PrincipalSID":"S-1-5-21-2822179581-904449782-3383647530-512","PrincipalType":"Group","RightName":"GenericAll","IsInherited":false},{"PrincipalSID":"S-1-5-21-2822179581-904449782-3383647530-519","PrincipalType":"Group","RightName":"GenericAll","IsInherited":true},{"PrincipalSID":"WHEEL.CO-S-1-5-32-544","PrincipalType":"Group","RightName":"WriteDacl","IsInherited":true},{"PrincipalSID":"WHEEL.CO-S-1-5-32-544","PrincipalType":"Group","RightName":"WriteOwner","IsInherited":true}],"ObjectIdentifier":"B7DBECE0-8D6C-4837-AF3A-6A9487A7ACEF","IsDeleted":false,"IsACLProtected":false},{"Properties":{"domain":"WHEEL.CO","name":"PROGRAM DATA@WHEEL.CO","distinguishedname":"CN=PROGRAM DATA,DC=WHEEL,DC=CO","domainsid":"S-1-5-21-2822179581-904449782-3383647530","highvalue":false},"ChildObjects":[],"Aces":[{"PrincipalSID":"S-1-5-21-2822179581-904449782-3383647530-512","PrincipalType":"Group","RightName":"Owns","IsInherited":false},{"PrincipalSID":"S-1-5-21-2822179581-904449782-3383647530-512","PrincipalType":"Group","RightName":"GenericAll","IsInherited":false},{"PrincipalSID":"S-1-5-21-2822179581-904449782-3383647530-519","PrincipalType":"Group","RightName":"GenericAll","IsInherited":true},{"PrincipalSID":"WHEEL.CO-S-1-5-32-544","PrincipalType":"Group","RightName":"WriteDacl","IsInherited":true},{"PrincipalSID":"WHEEL.CO-S-1-5-32-544","PrincipalType":"Group","RightName":"WriteOwner","IsInherited":true}],"ObjectIdentifier":"F5A7B4C0-BED9-499F-A576-6220D4ECC089","IsDeleted":false,"IsACLProtected":false},{"Properties":{"domain":"WHEEL.CO","name":"IP SECURITY@WHEEL.CO","distinguishedname":"CN=IP SECURITY,CN=SYSTEM,DC=WHEEL,DC=CO","domainsid":"S-1-5-21-2822179581-904449782-3383647530","highvalue":false},"ChildObjects":[],"Aces":[{"PrincipalSID":"S-1-5-21-2822179581-904449782-3383647530-512","PrincipalType":"Group","RightName":"Owns","IsInherited":false},{"PrincipalSID":"S-1-5-21-2822179581-904449782-3383647530-512","PrincipalType":"Group","RightName":"WriteDacl","IsInherited":false},{"PrincipalSID":"S-1-5-21-2822179581-904449782-3383647530-512","PrincipalType":"Group","RightName":"WriteOwner","IsInherited":false},{"PrincipalSID":"S-1-5-21-2822179581-904449782-3383647530-519","PrincipalType":"Group","RightName":"GenericAll","IsInherited":true},{"PrincipalSID":"WHEEL.CO-S-1-5-32-544","PrincipalType":"Group","RightName":"WriteDacl","IsInherited":true},{"PrincipalSID":"WHEEL.CO-S-1-5-32-544","PrincipalType":"Group","RightName":"WriteOwner","IsInherited":true}],"ObjectIdentifier":"3BA8CDF1-4F8B-4197-BBBB-4529714416C3","IsDeleted":false,"IsACLProtected":false},{"Properties":{"domain":"WHEEL.CO","name":"COMPARTITIONS@WHEEL.CO","distinguishedname":"CN=COMPARTITIONS,CN=SYSTEM,DC=WHEEL,DC=CO","domainsid":"S-1-5-21-2822179581-904449782-3383647530","highvalue":false},"ChildObjects":[],"Aces":[{"PrincipalSID":"S-1-5-21-2822179581-904449782-3383647530-512","PrincipalType":"Group","RightName":"Owns","IsInherited":false},{"PrincipalSID":"S-1-5-21-2822179581-904449782-3383647530-512","PrincipalType":"Group","RightName":"WriteDacl","IsInherited":false},{"PrincipalSID":"S-1-5-21-2822179581-904449782-3383647530-512","PrincipalType":"Group","RightName":"WriteOwner","IsInherited":false},{"PrincipalSID":"S-1-5-21-2822179581-904449782-3383647530-519","PrincipalType":"Group","RightName":"GenericAll","IsInherited":true},{"PrincipalSID":"WHEEL.CO-S-1-5-32-544","PrincipalType":"Group","RightName":"WriteDacl","IsInherited":true},{"PrincipalSID":"WHEEL.CO-S-1-5-32-544","PrincipalType":"Group","RightName":"WriteOwner","IsInherited":true}],"ObjectIdentifier":"1D30DCA8-5499-45C4-94A3-6A7E2CD0B2BE","IsDeleted":false,"IsACLProtected":false},{"Properties":{"domain":"WHEEL.CO","name":"POLICIES@WHEEL.CO","distinguishedname":"CN=POLICIES,CN=SYSTEM,DC=WHEEL,DC=CO","domainsid":"S-1-5-21-2822179581-904449782-3383647530","highvalue":false},"ChildObjects":[],"Aces":[{"PrincipalSID":"S-1-5-21-2822179581-904449782-3383647530-512","PrincipalType":"Group","RightName":"Owns","IsInherited":false},{"PrincipalSID":"S-1-5-21-2822179581-904449782-3383647530-512","PrincipalType":"Group","RightName":"WriteDacl","IsInherited":false},{"PrincipalSID":"S-1-5-21-2822179581-904449782-3383647530-512","PrincipalType":"Group","RightName":"WriteOwner","IsInherited":false},{"PrincipalSID":"S-1-5-21-2822179581-904449782-3383647530-519","PrincipalType":"Group","RightName":"GenericAll","IsInherited":true},{"PrincipalSID":"WHEEL.CO-S-1-5-32-544","PrincipalType":"Group","RightName":"WriteDacl","IsInherited":true},{"PrincipalSID":"WHEEL.CO-S-1-5-32-544","PrincipalType":"Group","RightName":"WriteOwner","IsInherited":true}],"ObjectIdentifier":"5D789004-5995-4BDC-94DD-DE09F28C3160","IsDeleted":false,"IsACLProtected":false},{"Properties":{"domain":"WHEEL.CO","name":"PSPS@WHEEL.CO","distinguishedname":"CN=PSPS,CN=SYSTEM,DC=WHEEL,DC=CO","domainsid":"S-1-5-21-2822179581-904449782-3383647530","highvalue":false},"ChildObjects":[],"Aces":[{"PrincipalSID":"S-1-5-21-2822179581-904449782-3383647530-512","PrincipalType":"Group","RightName":"Owns","IsInherited":false},{"PrincipalSID":"S-1-5-21-2822179581-904449782-3383647530-512","PrincipalType":"Group","RightName":"GenericAll","IsInherited":false},{"PrincipalSID":"S-1-5-21-2822179581-904449782-3383647530-519","PrincipalType":"Group","RightName":"GenericAll","IsInherited":true},{"PrincipalSID":"WHEEL.CO-S-1-5-32-544","PrincipalType":"Group","RightName":"WriteDacl","IsInherited":true},{"PrincipalSID":"WHEEL.CO-S-1-5-32-544","PrincipalType":"Group","RightName":"WriteOwner","IsInherited":true}],"ObjectIdentifier":"3A846AB0-D3D6-4C42-87CC-B4A70C87301C","IsDeleted":false,"IsACLProtected":false},{"Properties":{"domain":"WHEEL.CO","name":"RAS AND IAS SERVERS ACCESS CHECK@WHEEL.CO","distinguishedname":"CN=RAS AND IAS SERVERS ACCESS CHECK,CN=SYSTEM,DC=WHEEL,DC=CO","domainsid":"S-1-5-21-2822179581-904449782-3383647530","highvalue":false},"ChildObjects":[],"Aces":[{"PrincipalSID":"S-1-5-21-2822179581-904449782-3383647530-512","PrincipalType":"Group","RightName":"Owns","IsInherited":false},{"PrincipalSID":"S-1-5-21-2822179581-904449782-3383647530-553","PrincipalType":"Group","RightName":"WriteDacl","IsInherited":false},{"PrincipalSID":"S-1-5-21-2822179581-904449782-3383647530-553","PrincipalType":"Group","RightName":"WriteOwner","IsInherited":false},{"PrincipalSID":"S-1-5-21-2822179581-904449782-3383647530-519","PrincipalType":"Group","RightName":"GenericAll","IsInherited":true},{"PrincipalSID":"WHEEL.CO-S-1-5-32-544","PrincipalType":"Group","RightName":"WriteDacl","IsInherited":true},{"PrincipalSID":"WHEEL.CO-S-1-5-32-544","PrincipalType":"Group","RightName":"WriteOwner","IsInherited":true}],"ObjectIdentifier":"43D3EEE1-9B82-4B68-ADA0-025AB851B7B5","IsDeleted":false,"IsACLProtected":false},{"Properties":{"domain":"WHEEL.CO","name":"MICROSOFTDNS@WHEEL.CO","distinguishedname":"CN=MICROSOFTDNS,CN=SYSTEM,DC=WHEEL,DC=CO","domainsid":"S-1-5-21-2822179581-904449782-3383647530","highvalue":false},"ChildObjects":[],"Aces":[{"PrincipalSID":"WHEEL.CO-S-1-5-9","PrincipalType":"Group","RightName":"WriteDacl","IsInherited":false},{"PrincipalSID":"WHEEL.CO-S-1-5-9","PrincipalType":"Group","RightName":"WriteOwner","IsInherited":false},{"PrincipalSID":"S-1-5-21-2822179581-904449782-3383647530-512","PrincipalType":"Group","RightName":"GenericAll","IsInherited":false},{"PrincipalSID":"S-1-5-21-2822179581-904449782-3383647530-1101","PrincipalType":"Group","RightName":"WriteDacl","IsInherited":false},{"PrincipalSID":"S-1-5-21-2822179581-904449782-3383647530-1101","PrincipalType":"Group","RightName":"WriteOwner","IsInherited":false},{"PrincipalSID":"S-1-5-21-2822179581-904449782-3383647530-519","PrincipalType":"Group","RightName":"GenericAll","IsInherited":true},{"PrincipalSID":"WHEEL.CO-S-1-5-32-544","PrincipalType":"Group","RightName":"WriteDacl","IsInherited":true},{"PrincipalSID":"WHEEL.CO-S-1-5-32-544","PrincipalType":"Group","RightName":"WriteOwner","IsInherited":true}],"ObjectIdentifier":"A82FFD0F-3B61-487C-BE94-433690B625BC","IsDeleted":false,"IsACLProtected":false},{"Properties":{"domain":"WHEEL.CO","name":"MICROSOFT@WHEEL.CO","distinguishedname":"CN=MICROSOFT,CN=PROGRAM DATA,DC=WHEEL,DC=CO","domainsid":"S-1-5-21-2822179581-904449782-3383647530","highvalue":false},"ChildObjects":[],"Aces":[{"PrincipalSID":"S-1-5-21-2822179581-904449782-3383647530-512","PrincipalType":"Group","RightName":"Owns","IsInherited":false},{"PrincipalSID":"S-1-5-21-2822179581-904449782-3383647530-512","PrincipalType":"Group","RightName":"GenericAll","IsInherited":false},{"PrincipalSID":"S-1-5-21-2822179581-904449782-3383647530-519","PrincipalType":"Group","RightName":"GenericAll","IsInherited":true},{"PrincipalSID":"WHEEL.CO-S-1-5-32-544","PrincipalType":"Group","RightName":"WriteDacl","IsInherited":true},{"PrincipalSID":"WHEEL.CO-S-1-5-32-544","PrincipalType":"Group","RightName":"WriteOwner","IsInherited":true}],"ObjectIdentifier":"AD3CA82E-F164-4512-A5E9-A9499DBC3141","IsDeleted":false,"IsACLProtected":false},{"Properties":{"domain":"WHEEL.CO","name":"MANAGED SERVICE ACCOUNTS@WHEEL.CO","distinguishedname":"CN=MANAGED SERVICE ACCOUNTS,DC=WHEEL,DC=CO","domainsid":"S-1-5-21-2822179581-904449782-3383647530","highvalue":false},"ChildObjects":[],"Aces":[{"PrincipalSID":"S-1-5-21-2822179581-904449782-3383647530-512","PrincipalType":"Group","RightName":"Owns","IsInherited":false},{"PrincipalSID":"S-1-5-21-2822179581-904449782-3383647530-512","PrincipalType":"Group","RightName":"WriteDacl","IsInherited":false},{"PrincipalSID":"S-1-5-21-2822179581-904449782-3383647530-512","PrincipalType":"Group","RightName":"WriteOwner","IsInherited":false},{"PrincipalSID":"S-1-5-21-2822179581-904449782-3383647530-519","PrincipalType":"Group","RightName":"GenericAll","IsInherited":true},{"PrincipalSID":"WHEEL.CO-S-1-5-32-544","PrincipalType":"Group","RightName":"WriteDacl","IsInherited":true},{"PrincipalSID":"WHEEL.CO-S-1-5-32-544","PrincipalType":"Group","RightName":"WriteOwner","IsInherited":true}],"ObjectIdentifier":"7FE8FD07-92BF-4898-B242-99A07435FE43","IsDeleted":false,"IsACLProtected":false},{"Properties":{"domain":"WHEEL.CO","name":"WINSOCKSERVICES@WHEEL.CO","distinguishedname":"CN=WINSOCKSERVICES,CN=SYSTEM,DC=WHEEL,DC=CO","domainsid":"S-1-5-21-2822179581-904449782-3383647530","highvalue":false},"ChildObjects":[],"Aces":[{"PrincipalSID":"S-1-5-21-2822179581-904449782-3383647530-512","PrincipalType":"Group","RightName":"Owns","IsInherited":false},{"PrincipalSID":"S-1-5-21-2822179581-904449782-3383647530-512","PrincipalType":"Group","RightName":"WriteDacl","IsInherited":false},{"PrincipalSID":"S-1-5-21-2822179581-904449782-3383647530-512","PrincipalType":"Group","RightName":"WriteOwner","IsInherited":false},{"PrincipalSID":"S-1-5-21-2822179581-904449782-3383647530-519","PrincipalType":"Group","RightName":"GenericAll","IsInherited":true},{"PrincipalSID":"WHEEL.CO-S-1-5-32-544","PrincipalType":"Group","RightName":"WriteDacl","IsInherited":true},{"PrincipalSID":"WHEEL.CO-S-1-5-32-544","PrincipalType":"Group","RightName":"WriteOwner","IsInherited":true}],"ObjectIdentifier":"FE568590-7A67-460F-AF26-AFF4261611DA","IsDeleted":false,"IsACLProtected":false},{"Properties":{"domain":"WHEEL.CO","name":"KEYS@WHEEL.CO","distinguishedname":"CN=KEYS,DC=WHEEL,DC=CO","domainsid":"S-1-5-21-2822179581-904449782-3383647530","highvalue":false},"ChildObjects":[],"Aces":[{"PrincipalSID":"S-1-5-21-2822179581-904449782-3383647530-512","PrincipalType":"Group","RightName":"Owns","IsInherited":false},{"PrincipalSID":"WHEEL.CO-S-1-5-9","PrincipalType":"Group","RightName":"GenericAll","IsInherited":false},{"PrincipalSID":"S-1-5-21-2822179581-904449782-3383647530-512","PrincipalType":"Group","RightName":"GenericAll","IsInherited":false},{"PrincipalSID":"S-1-5-21-2822179581-904449782-3383647530-516","PrincipalType":"Group","RightName":"GenericAll","IsInherited":false},{"PrincipalSID":"S-1-5-21-2822179581-904449782-3383647530-519","PrincipalType":"Group","RightName":"GenericAll","IsInherited":false},{"PrincipalSID":"S-1-5-21-2822179581-904449782-3383647530-526","PrincipalType":"Group","RightName":"GenericAll","IsInherited":false},{"PrincipalSID":"S-1-5-21-2822179581-904449782-3383647530-527","PrincipalType":"Group","RightName":"GenericAll","IsInherited":false}],"ObjectIdentifier":"826DF3D3-1379-4626-88CA-12546BD951C2","IsDeleted":false,"IsACLProtected":true},{"Properties":{"domain":"WHEEL.CO","name":"RPCSERVICES@WHEEL.CO","distinguishedname":"CN=RPCSERVICES,CN=SYSTEM,DC=WHEEL,DC=CO","domainsid":"S-1-5-21-2822179581-904449782-3383647530","highvalue":false},"ChildObjects":[],"Aces":[{"PrincipalSID":"S-1-5-21-2822179581-904449782-3383647530-512","PrincipalType":"Group","RightName":"Owns","IsInherited":false},{"PrincipalSID":"S-1-5-21-2822179581-904449782-3383647530-512","PrincipalType":"Group","RightName":"WriteDacl","IsInherited":false},{"PrincipalSID":"S-1-5-21-2822179581-904449782-3383647530-512","PrincipalType":"Group","RightName":"WriteOwner","IsInherited":false},{"PrincipalSID":"S-1-5-21-2822179581-904449782-3383647530-519","PrincipalType":"Group","RightName":"GenericAll","IsInherited":true},{"PrincipalSID":"WHEEL.CO-S-1-5-32-544","PrincipalType":"Group","RightName":"WriteDacl","IsInherited":true},{"PrincipalSID":"WHEEL.CO-S-1-5-32-544","PrincipalType":"Group","RightName":"WriteOwner","IsInherited":true}],"ObjectIdentifier":"564AFCEC-FF17-43CD-9085-83159C3DE444","IsDeleted":false,"IsACLProtected":false},{"Properties":{"domain":"WHEEL.CO","name":"MEETINGS@WHEEL.CO","distinguishedname":"CN=MEETINGS,CN=SYSTEM,DC=WHEEL,DC=CO","domainsid":"S-1-5-21-2822179581-904449782-3383647530","highvalue":false},"ChildObjects":[],"Aces":[{"PrincipalSID":"S-1-5-21-2822179581-904449782-3383647530-512","PrincipalType":"Group","RightName":"Owns","IsInherited":false},{"PrincipalSID":"S-1-5-21-2822179581-904449782-3383647530-512","PrincipalType":"Group","RightName":"WriteDacl","IsInherited":false},{"PrincipalSID":"S-1-5-21-2822179581-904449782-3383647530-512","PrincipalType":"Group","RightName":"WriteOwner","IsInherited":false},{"PrincipalSID":"S-1-5-21-2822179581-904449782-3383647530-519","PrincipalType":"Group","RightName":"GenericAll","IsInherited":true},{"PrincipalSID":"WHEEL.CO-S-1-5-32-544","PrincipalType":"Group","RightName":"WriteDacl","IsInherited":true},{"PrincipalSID":"WHEEL.CO-S-1-5-32-544","PrincipalType":"Group","RightName":"WriteOwner","IsInherited":true}],"ObjectIdentifier":"15C55FA6-7E2F-46C8-8808-48F0381D293C","IsDeleted":false,"IsACLProtected":false},{"Properties":{"domain":"WHEEL.CO","name":"COMPARTITIONSETS@WHEEL.CO","distinguishedname":"CN=COMPARTITIONSETS,CN=SYSTEM,DC=WHEEL,DC=CO","domainsid":"S-1-5-21-2822179581-904449782-3383647530","highvalue":false},"ChildObjects":[],"Aces":[{"PrincipalSID":"S-1-5-21-2822179581-904449782-3383647530-512","PrincipalType":"Group","RightName":"Owns","IsInherited":false},{"PrincipalSID":"S-1-5-21-2822179581-904449782-3383647530-512","PrincipalType":"Group","RightName":"WriteDacl","IsInherited":false},{"PrincipalSID":"S-1-5-21-2822179581-904449782-3383647530-512","PrincipalType":"Group","RightName":"WriteOwner","IsInherited":false},{"PrincipalSID":"S-1-5-21-2822179581-904449782-3383647530-519","PrincipalType":"Group","RightName":"GenericAll","IsInherited":true},{"PrincipalSID":"WHEEL.CO-S-1-5-32-544","PrincipalType":"Group","RightName":"WriteDacl","IsInherited":true},{"PrincipalSID":"WHEEL.CO-S-1-5-32-544","PrincipalType":"Group","RightName":"WriteOwner","IsInherited":true}],"ObjectIdentifier":"389E44BF-B9E9-491E-AD99-771A88D63DEA","IsDeleted":false,"IsACLProtected":false},{"Properties":{"domain":"WHEEL.CO","name":"COMPUTERS@WHEEL.CO","distinguishedname":"CN=COMPUTERS,DC=WHEEL,DC=CO","domainsid":"S-1-5-21-2822179581-904449782-3383647530","highvalue":false},"ChildObjects":[{"ObjectIdentifier":"S-1-5-21-2822179581-904449782-3383647530-1601","ObjectType":"Computer"},{"ObjectIdentifier":"S-1-5-21-2822179581-904449782-3383647530-1602","ObjectType":"Computer"}],"Aces":[{"PrincipalSID":"S-1-5-21-2822179581-904449782-3383647530-512","PrincipalType":"Group","RightName":"Owns","IsInherited":false},{"PrincipalSID":"S-1-5-21-2822179581-904449782-3383647530-512","PrincipalType":"Group","RightName":"WriteDacl","IsInherited":false},{"PrincipalSID":"S-1-5-21-2822179581-904449782-3383647530-512","PrincipalType":"Group","RightName":"WriteOwner","IsInherited":false},{"PrincipalSID":"S-1-5-21-2822179581-904449782-3383647530-519","PrincipalType":"Group","RightName":"GenericAll","IsInherited":true},{"PrincipalSID":"WHEEL.CO-S-1-5-32-544","PrincipalType":"Group","RightName":"WriteDacl","IsInherited":true},{"PrincipalSID":"WHEEL.CO-S-1-5-32-544","PrincipalType":"Group","RightName":"WriteOwner","IsInherited":true}],"ObjectIdentifier":"0CD32155-0B6C-46E1-9191-033DF85441E8","IsDeleted":false,"IsACLProtected":false},{"Properties":{"domain":"WHEEL.CO","name":"SYSTEM@WHEEL.CO","distinguishedname":"CN=SYSTEM,DC=WHEEL,DC=CO","domainsid":"S-1-5-21-2822179581-904449782-3383647530","highvalue":false},"ChildObjects":[],"Aces":[{"PrincipalSID":"S-1-5-21-2822179581-904449782-3383647530-512","PrincipalType":"Group","RightName":"Owns","IsInherited":false},{"PrincipalSID":"S-1-5-21-2822179581-904449782-3383647530-512","PrincipalType":"Group","RightName":"WriteDacl","IsInherited":false},{"PrincipalSID":"S-1-5-21-2822179581-904449782-3383647530-512","PrincipalType":"Group","RightName":"WriteOwner","IsInherited":false},{"PrincipalSID":"S-1-5-21-2822179581-904449782-3383647530-519","PrincipalType":"Group","RightName":"GenericAll","IsInherited":true},{"PrincipalSID":"WHEEL.CO-S-1-5-32-544","PrincipalType":"Group","RightName":"WriteDacl","IsInherited":true},{"PrincipalSID":"WHEEL.CO-S-1-5-32-544","PrincipalType":"Group","RightName":"WriteOwner","IsInherited":true}],"ObjectIdentifier":"0678CA8A-28DF-482D-A0E0-F92DAD7BE1BE","IsDeleted":false,"IsACLProtected":false},{"Properties":{"domain":"WHEEL.CO","name":"USERS@WHEEL.CO","distinguishedname":"CN=USERS,DC=WHEEL,DC=CO","domainsid":"S-1-5-21-2822179581-904449782-3383647530","highvalue":false},"ChildObjects":[{"ObjectIdentifier":"S-1-5-21-2822179581-904449782-3383647530-500","ObjectType":"User"},{"ObjectIdentifier":"S-1-5-21-2822179581-904449782-3383647530-571","ObjectType":"Group"},{"ObjectIdentifier":"S-1-5-21-2822179581-904449782-3383647530-517","ObjectType":"Group"},{"ObjectIdentifier":"S-1-5-21-2822179581-904449782-3383647530-522","ObjectType":"Group"},{"ObjectIdentifier":"S-1-5-21-2822179581-904449782-3383647530-572","ObjectType":"Group"},{"ObjectIdentifier":"S-1-5-21-2822179581-904449782-3383647530-1101","ObjectType":"Group"},{"ObjectIdentifier":"S-1-5-21-2822179581-904449782-3383647530-1102","ObjectType":"Group"},{"ObjectIdentifier":"S-1-5-21-2822179581-904449782-3383647530-512","ObjectType":"Group"},{"ObjectIdentifier":"S-1-5-21-2822179581-904449782-3383647530-515","ObjectType":"Group"},{"ObjectIdentifier":"S-1-5-21-2822179581-904449782-3383647530-516","ObjectType":"Group"},{"ObjectIdentifier":"S-1-5-21-2822179581-904449782-3383647530-514","ObjectType":"Group"},{"ObjectIdentifier":"S-1-5-21-2822179581-904449782-3383647530-513","ObjectType":"Group"},{"ObjectIdentifier":"S-1-5-21-2822179581-904449782-3383647530-519","ObjectType":"Group"},{"ObjectIdentifier":"S-1-5-21-2822179581-904449782-3383647530-527","ObjectType":"Group"},{"ObjectIdentifier":"S-1-5-21-2822179581-904449782-3383647530-498","ObjectType":"Group"},{"ObjectIdentifier":"S-1-5-21-2822179581-904449782-3383647530-1104","ObjectType":"User"},{"ObjectIdentifier":"S-1-5-21-2822179581-904449782-3383647530-520","ObjectType":"Group"},{"ObjectIdentifier":"S-1-5-21-2822179581-904449782-3383647530-501","ObjectType":"User"},{"ObjectIdentifier":"S-1-5-21-2822179581-904449782-3383647530-526","ObjectType":"Group"},{"ObjectIdentifier":"S-1-5-21-2822179581-904449782-3383647530-502","ObjectType":"User"},{"ObjectIdentifier":"S-1-5-21-2822179581-904449782-3383647530-1105","ObjectType":"User"},{"ObjectIdentifier":"S-1-5-21-2822179581-904449782-3383647530-525","ObjectType":"Group"},{"ObjectIdentifier":"S-1-5-21-2822179581-904449782-3383647530-1103","ObjectType":"User"},{"ObjectIdentifier":"S-1-5-21-2822179581-904449782-3383647530-1108","ObjectType":"User"},{"ObjectIdentifier":"S-1-5-21-2822179581-904449782-3383647530-1107","ObjectType":"User"},{"ObjectIdentifier":"S-1-5-21-2822179581-904449782-3383647530-553","ObjectType":"Group"},{"ObjectIdentifier":"S-1-5-21-2822179581-904449782-3383647530-521","ObjectType":"Group"},{"ObjectIdentifier":"S-1-5-21-2822179581-904449782-3383647530-518","ObjectType":"Group"},{"ObjectIdentifier":"S-1-5-21-2822179581-904449782-3383647530-1106","ObjectType":"User"}],"Aces":[{"PrincipalSID":"S-1-5-21-2822179581-904449782-3383647530-512","PrincipalType":"Group","RightName":"Owns","IsInherited":false},{"PrincipalSID":"S-1-5-21-2822179581-904449782-3383647530-512","PrincipalType":"Group","RightName":"WriteDacl","IsInherited":false},{"PrincipalSID":"S-1-5-21-2822179581-904449782-3383647530-512","PrincipalType":"Group","RightName":"WriteOwner","IsInherited":false},{"PrincipalSID":"S-1-5-21-2822179581-904449782-3383647530-519","PrincipalType":"Group","RightName":"GenericAll","IsInherited":true},{"PrincipalSID":"WHEEL.CO-S-1-5-32-544","PrincipalType":"Group","RightName":"WriteDacl","IsInherited":true},{"PrincipalSID":"WHEEL.CO-S-1-5-32-544","PrincipalType":"Group","RightName":"WriteOwner","IsInherited":true}],"ObjectIdentifier":"C8516F24-E27F-476B-9CE8-2201A7407818","IsDeleted":false,"IsACLProtected":false}],"meta":{"methods":29675,"type":"containers","count":24,"version":5}}