{"data":[{"GPOChanges":{"LocalAdmins":[],"RemoteDesktopUsers":[],"DcomUsers":[],"PSRemoteUsers":[],"AffectedComputers":[]},"Properties":{"domain":"WHEEL.CO","name":"WHEEL.CO","distinguishedname":"DC=WHEEL,DC=CO","domainsid":"S-1-5-21-2822179581-904449782-3383647530","highvalue":true,"description":null,"whencreated":1691373363,"functionallevel":"2016"},"ChildObjects":[{"ObjectIdentifier":"0CD32155-0B6C-46E1-9191-033DF85441E8","ObjectType":"Container"},{"ObjectIdentifier":"B8618889-A332-4343-80D3-6729C8E72C64","ObjectType":"OU"},{"ObjectIdentifier":"B7DBECE0-8D6C-4837-AF3A-6A9487A7ACEF","ObjectType":"Container"},{"ObjectIdentifier":"826DF3D3-1379-4626-88CA-12546BD951C2","ObjectType":"Container"},{"ObjectIdentifier":"7FE8FD07-92BF-4898-B242-99A07435FE43","ObjectType":"Container"},{"ObjectIdentifier":"C8516F24-E27F-476B-9CE8-2201A7407818","ObjectType":"Container"}],"Trusts":[],"Links":[{"IsEnforced":false,"GUID":"DBC23B5C-8C08-4F96-B98E-830C8AA8BBBF"}],"Aces":[{"PrincipalSID":"WHEEL.CO-S-1-5-32-544","PrincipalType":"Group","RightName":"Owns","IsInherited":false},{"PrincipalSID":"WHEEL.CO-S-1-5-32-544","PrincipalType":"Group","RightName":"WriteDacl","IsInherited":false},{"PrincipalSID":"WHEEL.CO-S-1-5-32-544","PrincipalType":"Group","RightName":"WriteOwner","IsInherited":false},{"PrincipalSID":"WHEEL.CO-S-1-5-32-544","PrincipalType":"Group","RightName":"AllExtendedRights","IsInherited":false},{"PrincipalSID":"S-1-5-21-2822179581-904449782-3383647530-512","PrincipalType":"Group","RightName":"WriteDacl","IsInherited":false},{"PrincipalSID":"S-1-5-21-2822179581-904449782-3383647530-512","PrincipalType":"Group","RightName":"WriteOwner","IsInherited":false},{"PrincipalSID":"S-1-5-21-2822179581-904449782-3383647530-512","PrincipalType":"Group","RightName":"AllExtendedRights","IsInherited":false},{"PrincipalSID":"S-1-5-21-2822179581-904449782-3383647530-519","PrincipalType":"Group","RightName":"GenericAll","IsInherited":false},{"PrincipalSID":"WHEEL.CO-S-1-5-9","PrincipalType":"Group","RightName":"GetChanges","IsInherited":false},{"PrincipalSID":"WHEEL.CO-S-1-5-9","PrincipalType":"Group","RightName":"GetChangesInFilteredSet","IsInherited":false},{"PrincipalSID":"WHEEL.CO-S-1-5-32-544","PrincipalType":"Group","RightName":"GetChangesAll","IsInherited":false},{"PrincipalSID":"WHEEL.CO-S-1-5-32-544","PrincipalType":"Group","RightName":"GetChanges","IsInherited":false},{"PrincipalSID":"WHEEL.CO-S-1-5-32-544","PrincipalType":"Group","RightName":"GetChangesInFilteredSet","IsInherited":false},{"PrincipalSID":"S-1-5-21-2822179581-904449782-3383647530-498","PrincipalType":"Group","RightName":"GetChanges","IsInherited":false},{"PrincipalSID":"S-1-5-21-2822179581-904449782-3383647530-516","PrincipalType":"Group","RightName":"GetChangesAll","IsInherited":false}],"ObjectIdentifier":"S-1-5-21-2822179581-904449782-3383647530","IsDeleted":false,"IsACLProtected":false}],"meta":{"methods":29675,"type":"domains","count":1,"version":5}}